method,google/embeddinggemma-300m,Qwen/Qwen3-Embedding-0.6B,google/gemma-3-1b-pt (mean_pooling),google/gemma-3-1b-pt (last_token_pooling),Qwen/Qwen3.5-0.8B-Base (mean_pooling),Qwen/Qwen3.5-0.8B-Base (last_token_pooling),mean_dedicated,mean_base_mean,mean_base_last
baseline,0.4702,0.493,0.2938,0.1124,0.3162,0.1064,0.4816,0.305,0.1094
standardization,0.4754,0.4796,0.3172,0.1299,0.3077,0.1125,0.4775,0.3124,0.1212
r1,0.476,0.4829,0.2988,0.1108,0.2954,0.1078,0.4794,0.2971,0.1093
r2,0.4697,0.4852,0.2985,0.1121,0.2952,0.108,0.4774,0.2969,0.11
soft_zca,0.4287,0.4447,0.3599,0.1584,0.3622,0.1485,0.4367,0.361,0.1534
abtt_1,0.4764,0.4825,0.3056,0.1286,0.2986,0.1109,0.4795,0.3021,0.1198
abtt_2,0.4767,0.4805,0.3108,0.1338,0.3012,0.1169,0.4786,0.306,0.1253
abtt_3,0.4686,0.4792,0.3104,0.1433,0.3157,0.1301,0.4739,0.313,0.1367
rand,0.47,0.4931,0.2938,0.113,0.3163,0.1063,0.4815,0.3051,0.1097
mc,0.4778,0.4592,0.2299,0.0939,0.1924,0.0819,0.4685,0.2111,0.0879
