track,dataset,model,whitening_k64,spectemp_k64,pca_k512,spectemp_k512,whitening_k512,pca_k64,broad_subspace_spectemp_advantage,compact_subspace_spectemp_advantage
retrieval,ArguAna,Qwen/Qwen3-Embedding-0.6B,0.4377,0.4468,0.4823,0.4826,0.4435,0.4476,0.0391,-0.0008
retrieval,ArguAna,Qwen/Qwen3.5-0.8B-Base (last_token_pooling),0.1048,0.0931,0.1069,0.1093,0.1482,0.0832,-0.0389,0.0099
retrieval,ArguAna,Qwen/Qwen3.5-0.8B-Base (mean_pooling),0.301,0.2903,0.2954,0.2988,0.3568,0.2596,-0.0581,0.0307
retrieval,ArguAna,google/embeddinggemma-300m,0.4071,0.414,0.4762,0.4749,0.4296,0.4353,0.0453,-0.0214
retrieval,ArguAna,google/gemma-3-1b-pt (last_token_pooling),0.121,0.094,0.11,0.1122,0.161,0.0776,-0.0488,0.0164
retrieval,ArguAna,google/gemma-3-1b-pt (mean_pooling),0.2882,0.2728,0.2976,0.3009,0.3558,0.2396,-0.0549,0.0331
retrieval,FiQA2018,Qwen/Qwen3-Embedding-0.6B,0.3831,0.389,0.4722,0.4739,0.4135,0.3978,0.0605,-0.0088
retrieval,FiQA2018,Qwen/Qwen3.5-0.8B-Base (last_token_pooling),0.002,0.0015,0.0026,0.0026,0.006,0.0018,-0.0034,-0.0002
retrieval,FiQA2018,Qwen/Qwen3.5-0.8B-Base (mean_pooling),0.0289,0.0284,0.0401,0.0411,0.0585,0.0244,-0.0175,0.004
retrieval,FiQA2018,google/embeddinggemma-300m,0.3277,0.3285,0.4711,0.4719,0.4101,0.3134,0.0618,0.0151
retrieval,FiQA2018,google/gemma-3-1b-pt (last_token_pooling),0.0128,0.0162,0.0225,0.0227,0.0443,0.0161,-0.0216,0.0001
retrieval,FiQA2018,google/gemma-3-1b-pt (mean_pooling),0.0313,0.0287,0.0495,0.0519,0.0844,0.0204,-0.0325,0.0083
retrieval,SCIDOCS,Qwen/Qwen3-Embedding-0.6B,0.1973,0.2015,0.2399,0.241,0.2147,0.1972,0.0263,0.0043
retrieval,SCIDOCS,Qwen/Qwen3.5-0.8B-Base (last_token_pooling),0.006,0.0048,0.0043,0.0046,0.0085,0.004,-0.0039,0.0008
retrieval,SCIDOCS,Qwen/Qwen3.5-0.8B-Base (mean_pooling),0.0114,0.0129,0.0201,0.0206,0.0487,0.0138,-0.0281,-0.0009
retrieval,SCIDOCS,google/embeddinggemma-300m,0.125,0.1295,0.1987,0.1999,0.1784,0.125,0.0215,0.0045
retrieval,SCIDOCS,google/gemma-3-1b-pt (last_token_pooling),0.0056,0.0053,0.0053,0.0055,0.0089,0.0053,-0.0034,-0.0
retrieval,SCIDOCS,google/gemma-3-1b-pt (mean_pooling),0.014,0.0139,0.0195,0.0202,0.0634,0.0135,-0.0432,0.0003
similarity,SICK-R,Qwen/Qwen3-Embedding-0.6B,78.5621,80.1825,81.0937,81.0013,69.9091,81.7571,11.0922,-1.5746
similarity,SICK-R,Qwen/Qwen3.5-0.8B-Base (last_token_pooling),54.8306,53.6822,51.9768,52.2418,55.3129,50.0533,-3.0711,3.6289
similarity,SICK-R,Qwen/Qwen3.5-0.8B-Base (mean_pooling),56.7759,54.5196,51.866,52.2739,59.5647,48.5263,-7.2908,5.9933
similarity,SICK-R,google/embeddinggemma-300m,78.1509,79.0022,79.7346,79.7886,70.2927,75.9108,9.4959,3.0914
similarity,SICK-R,google/gemma-3-1b-pt (last_token_pooling),56.1283,54.9354,53.1571,53.4764,57.5023,51.1458,-4.0259,3.7896
similarity,SICK-R,google/gemma-3-1b-pt (mean_pooling),55.3638,52.7371,51.5159,51.8809,59.318,47.8222,-7.4371,4.9149
similarity,STS22.v2,Qwen/Qwen3-Embedding-0.6B,67.7538,67.7538,67.6125,67.6125,67.4337,67.5587,0.1788,0.1951
similarity,STS22.v2,Qwen/Qwen3.5-0.8B-Base (last_token_pooling),26.2355,21.5323,15.3597,15.3597,34.6984,10.4612,-19.3387,11.0711
similarity,STS22.v2,Qwen/Qwen3.5-0.8B-Base (mean_pooling),59.3421,57.816,58.1593,58.1593,63.9291,54.8786,-5.7698,2.9374
similarity,STS22.v2,google/embeddinggemma-300m,66.3398,66.1053,65.9011,65.9011,68.0752,64.0349,-2.1741,2.0704
similarity,STS22.v2,google/gemma-3-1b-pt (last_token_pooling),19.4997,17.4676,13.3914,13.3914,22.9585,11.4366,-9.5671,6.031
similarity,STS22.v2,google/gemma-3-1b-pt (mean_pooling),54.9692,53.7239,55.4454,55.4454,65.0264,49.6941,-9.581,4.0298
similarity,STSBenchmark,Qwen/Qwen3-Embedding-0.6B,83.878,84.1655,84.859,84.8614,79.2198,83.1802,5.6416,0.9853
similarity,STSBenchmark,Qwen/Qwen3.5-0.8B-Base (last_token_pooling),51.3547,42.1386,40.4353,40.8706,60.4611,35.8593,-19.5905,6.2793
similarity,STSBenchmark,Qwen/Qwen3.5-0.8B-Base (mean_pooling),50.1559,45.03,44.7076,45.3825,60.5135,38.4869,-15.131,6.5431
similarity,STSBenchmark,google/embeddinggemma-300m,80.9851,79.6736,85.2376,85.4319,81.7701,76.3543,3.6618,3.3193
similarity,STSBenchmark,google/gemma-3-1b-pt (last_token_pooling),54.3616,47.0262,46.9661,47.7176,65.1327,39.8674,-17.4151,7.1588
similarity,STSBenchmark,google/gemma-3-1b-pt (mean_pooling),47.3966,42.6353,44.1143,45.0825,60.3616,35.7369,-15.2791,6.8984
