track,dataset,model,k,prefix,spectemp,pca,delta_spectemp_minus_mrl,spectemp_beats_or_ties_mrl
retrieval,ArguAna,Qwen/Qwen3-Embedding-0.6B,64,0.4413,0.4468,0.4476,0.0055,true
retrieval,ArguAna,Qwen/Qwen3-Embedding-0.6B,128,0.4733,0.4742,0.473,0.0009,true
retrieval,ArguAna,Qwen/Qwen3-Embedding-0.6B,256,0.485,0.4824,0.4816,-0.0027,false
retrieval,ArguAna,Qwen/Qwen3-Embedding-0.6B,512,0.494,0.4826,0.4823,-0.0114,false
retrieval,ArguAna,google/embeddinggemma-300m,64,0.3871,0.414,0.4353,0.0269,true
retrieval,ArguAna,google/embeddinggemma-300m,128,0.4304,0.4593,0.4639,0.0289,true
retrieval,ArguAna,google/embeddinggemma-300m,256,0.4603,0.4718,0.4733,0.0114,true
retrieval,ArguAna,google/embeddinggemma-300m,512,0.4688,0.4749,0.4762,0.0061,true
retrieval,FiQA2018,Qwen/Qwen3-Embedding-0.6B,64,0.3692,0.389,0.3978,0.0198,true
retrieval,FiQA2018,Qwen/Qwen3-Embedding-0.6B,128,0.4287,0.4516,0.4427,0.0229,true
retrieval,FiQA2018,Qwen/Qwen3-Embedding-0.6B,256,0.4581,0.468,0.4673,0.0099,true
retrieval,FiQA2018,Qwen/Qwen3-Embedding-0.6B,512,0.4769,0.4739,0.4722,-0.003,false
retrieval,FiQA2018,google/embeddinggemma-300m,64,0.2957,0.3285,0.3134,0.0329,true
retrieval,FiQA2018,google/embeddinggemma-300m,128,0.3916,0.4242,0.4126,0.0326,true
retrieval,FiQA2018,google/embeddinggemma-300m,256,0.4363,0.4527,0.4487,0.0164,true
retrieval,FiQA2018,google/embeddinggemma-300m,512,0.4644,0.4719,0.4711,0.0076,true
retrieval,SCIDOCS,Qwen/Qwen3-Embedding-0.6B,64,0.1814,0.2015,0.1972,0.0201,true
retrieval,SCIDOCS,Qwen/Qwen3-Embedding-0.6B,128,0.2139,0.224,0.2228,0.0101,true
retrieval,SCIDOCS,Qwen/Qwen3-Embedding-0.6B,256,0.231,0.2358,0.2347,0.0048,true
retrieval,SCIDOCS,Qwen/Qwen3-Embedding-0.6B,512,0.2398,0.241,0.2399,0.0012,true
retrieval,SCIDOCS,google/embeddinggemma-300m,64,0.0992,0.1295,0.125,0.0303,true
retrieval,SCIDOCS,google/embeddinggemma-300m,128,0.1525,0.1727,0.1649,0.0203,true
retrieval,SCIDOCS,google/embeddinggemma-300m,256,0.1793,0.193,0.1873,0.0137,true
retrieval,SCIDOCS,google/embeddinggemma-300m,512,0.1885,0.1999,0.1987,0.0115,true
similarity,SICK-R,Qwen/Qwen3-Embedding-0.6B,64,80.3666,80.1825,81.7571,-0.1841,false
similarity,SICK-R,Qwen/Qwen3-Embedding-0.6B,128,81.0243,80.7767,81.834,-0.2476,false
similarity,SICK-R,Qwen/Qwen3-Embedding-0.6B,256,81.1807,80.9974,81.4089,-0.1833,false
similarity,SICK-R,Qwen/Qwen3-Embedding-0.6B,512,81.6348,81.0013,81.0937,-0.6335,false
similarity,SICK-R,google/embeddinggemma-300m,64,77.4932,79.0022,75.9108,1.509,true
similarity,SICK-R,google/embeddinggemma-300m,128,79.546,79.7119,78.4704,0.1659,true
similarity,SICK-R,google/embeddinggemma-300m,256,79.918,79.8593,79.5145,-0.0587,false
similarity,SICK-R,google/embeddinggemma-300m,512,80.2169,79.7886,79.7346,-0.4283,false
similarity,STS22.v2,Qwen/Qwen3-Embedding-0.6B,64,67.6606,67.7538,67.5587,0.0932,true
similarity,STS22.v2,Qwen/Qwen3-Embedding-0.6B,128,68.481,67.4403,67.6027,-1.0407,false
similarity,STS22.v2,Qwen/Qwen3-Embedding-0.6B,256,69.8223,67.7498,67.7827,-2.0725,false
similarity,STS22.v2,Qwen/Qwen3-Embedding-0.6B,512,68.9951,67.6125,67.6125,-1.3826,false
similarity,STS22.v2,google/embeddinggemma-300m,64,65.7887,66.1053,64.0349,0.3166,true
similarity,STS22.v2,google/embeddinggemma-300m,128,66.8758,66.4698,65.7341,-0.406,false
similarity,STS22.v2,google/embeddinggemma-300m,256,66.5361,66.2552,66.0371,-0.2809,false
similarity,STS22.v2,google/embeddinggemma-300m,512,66.4451,65.9011,65.9011,-0.544,false
similarity,STSBenchmark,Qwen/Qwen3-Embedding-0.6B,64,82.6569,84.1655,83.1802,1.5086,true
similarity,STSBenchmark,Qwen/Qwen3-Embedding-0.6B,128,84.0238,85.2036,84.8776,1.1798,true
similarity,STSBenchmark,Qwen/Qwen3-Embedding-0.6B,256,84.1624,85.1918,85.1571,1.0294,true
similarity,STSBenchmark,Qwen/Qwen3-Embedding-0.6B,512,84.7608,84.8614,84.859,0.1006,true
similarity,STSBenchmark,google/embeddinggemma-300m,64,81.3042,79.6736,76.3543,-1.6306,false
similarity,STSBenchmark,google/embeddinggemma-300m,128,84.1545,83.1995,81.3513,-0.955,false
similarity,STSBenchmark,google/embeddinggemma-300m,256,85.0171,84.8974,84.1555,-0.1197,false
similarity,STSBenchmark,google/embeddinggemma-300m,512,85.0598,85.4319,85.2376,0.3721,true
