track,dataset,model,score_baseline,score_standardization,score_r2,score_soft_zca,best_paradigm,max_gain_over_baseline
retrieval,ArguAna,Qwen/Qwen3.5-0.8B-Base (last_token_pooling),0.1064,0.1125,0.108,0.1485,Soft-ZCA,0.0421
retrieval,ArguAna,Qwen/Qwen3.5-0.8B-Base (mean_pooling),0.3162,0.3077,0.2952,0.3622,Soft-ZCA,0.046
retrieval,ArguAna,google/gemma-3-1b-pt (last_token_pooling),0.1124,0.1299,0.1121,0.1584,Soft-ZCA,0.046
retrieval,ArguAna,google/gemma-3-1b-pt (mean_pooling),0.2938,0.3172,0.2985,0.3599,Soft-ZCA,0.0661
retrieval,FiQA2018,Qwen/Qwen3.5-0.8B-Base (last_token_pooling),0.0026,0.0019,0.0028,0.0042,Soft-ZCA,0.0016
retrieval,FiQA2018,Qwen/Qwen3.5-0.8B-Base (mean_pooling),0.0419,0.0385,0.0433,0.0615,Soft-ZCA,0.0196
retrieval,FiQA2018,google/gemma-3-1b-pt (last_token_pooling),0.0246,0.0187,0.0223,0.0389,Soft-ZCA,0.0143
retrieval,FiQA2018,google/gemma-3-1b-pt (mean_pooling),0.0589,0.0681,0.0572,0.0968,Soft-ZCA,0.0379
retrieval,SCIDOCS,Qwen/Qwen3.5-0.8B-Base (last_token_pooling),0.0042,0.0049,0.0048,0.008,Soft-ZCA,0.0038
retrieval,SCIDOCS,Qwen/Qwen3.5-0.8B-Base (mean_pooling),0.0268,0.0193,0.0229,0.0536,Soft-ZCA,0.0268
retrieval,SCIDOCS,google/gemma-3-1b-pt (last_token_pooling),0.0057,0.0062,0.0055,0.0106,Soft-ZCA,0.0049
retrieval,SCIDOCS,google/gemma-3-1b-pt (mean_pooling),0.0302,0.042,0.0244,0.0679,Soft-ZCA,0.0377
similarity,SICK-R,Qwen/Qwen3.5-0.8B-Base (last_token_pooling),48.525,52.4303,52.23,56.1996,Soft-ZCA,7.6746
similarity,SICK-R,Qwen/Qwen3.5-0.8B-Base (mean_pooling),48.208,53.2684,52.0669,60.1583,Soft-ZCA,11.9503
similarity,SICK-R,google/gemma-3-1b-pt (last_token_pooling),50.5676,54.32,53.3529,58.4328,Soft-ZCA,7.8652
similarity,SICK-R,google/gemma-3-1b-pt (mean_pooling),46.663,53.4627,51.7529,59.75,Soft-ZCA,13.087
similarity,STS22.v2,Qwen/Qwen3.5-0.8B-Base (last_token_pooling),16.2647,18.7749,15.8196,34.1951,Soft-ZCA,17.9304
similarity,STS22.v2,Qwen/Qwen3.5-0.8B-Base (mean_pooling),60.2082,58.9217,58.2848,63.9856,Soft-ZCA,3.7774
similarity,STS22.v2,google/gemma-3-1b-pt (last_token_pooling),12.0692,14.6699,14.2179,23.1894,Soft-ZCA,11.1202
similarity,STS22.v2,google/gemma-3-1b-pt (mean_pooling),58.7762,57.5616,55.3392,63.7475,Soft-ZCA,4.9713
similarity,STSBenchmark,Qwen/Qwen3.5-0.8B-Base (last_token_pooling),36.2581,43.0142,40.7045,60.6171,Soft-ZCA,24.359
similarity,STSBenchmark,Qwen/Qwen3.5-0.8B-Base (mean_pooling),41.0924,46.8632,45.0798,60.3962,Soft-ZCA,19.3038
similarity,STSBenchmark,google/gemma-3-1b-pt (last_token_pooling),41.1486,50.6127,47.8718,65.4918,Soft-ZCA,24.3432
similarity,STSBenchmark,google/gemma-3-1b-pt (mean_pooling),38.2459,49.6497,44.5773,60.6792,Soft-ZCA,22.4333
