dataset,method,google/gemma-3-1b-pt (mean_pooling),google/gemma-3-1b-pt (last_token_pooling),gemma_delta,Qwen/Qwen3.5-0.8B-Base (mean_pooling),Qwen/Qwen3.5-0.8B-Base (last_token_pooling),qwen_delta,mean_delta
STSBenchmark,baseline,38.25,41.15,2.9,41.09,36.26,-4.83,-0.97
STSBenchmark,standardization,49.65,50.61,0.96,46.86,43.01,-3.85,-1.44
STSBenchmark,r1,44.29,47.23,2.93,44.81,40.52,-4.29,-0.68
STSBenchmark,r2,44.58,47.87,3.29,45.08,40.7,-4.38,-0.54
STSBenchmark,soft_zca,60.68,65.49,4.81,60.4,60.62,0.22,2.52
STSBenchmark,abtt_1,46.39,50.41,4.02,47.67,43.76,-3.91,0.05
STSBenchmark,abtt_2,50.29,52.85,2.56,52.24,48.92,-3.32,-0.38
STSBenchmark,abtt_3,51.12,54.58,3.46,53.87,51.09,-2.78,0.34
STSBenchmark,rand,38.23,41.14,2.91,41.09,36.26,-4.83,-0.96
STSBenchmark,mc,36.66,36.17,-0.49,37.89,27.05,-10.84,-5.66
SICK-R,baseline,46.66,50.57,3.9,48.21,48.52,0.32,2.11
SICK-R,standardization,53.46,54.32,0.86,53.27,52.43,-0.84,0.01
SICK-R,r1,51.72,53.22,1.5,52.02,52.02,0.0,0.75
SICK-R,r2,51.75,53.35,1.6,52.07,52.23,0.16,0.88
SICK-R,soft_zca,59.75,58.43,-1.32,60.16,56.2,-3.96,-2.64
SICK-R,abtt_1,56.87,54.1,-2.77,57.52,52.84,-4.68,-3.72
SICK-R,abtt_2,57.09,55.18,-1.91,57.72,53.04,-4.68,-3.29
SICK-R,abtt_3,57.08,55.18,-1.9,57.45,52.77,-4.68,-3.29
SICK-R,rand,46.66,50.56,3.9,48.2,48.53,0.33,2.11
SICK-R,mc,49.32,49.58,0.26,50.09,48.98,-1.11,-0.43
STS22.v2,baseline,58.78,12.07,-46.71,60.21,16.26,-43.94,-45.33
STS22.v2,standardization,57.56,14.67,-42.89,58.92,18.77,-40.15,-41.52
STS22.v2,r1,55.45,13.39,-42.05,58.16,15.36,-42.8,-42.43
STS22.v2,r2,55.34,14.22,-41.12,58.28,15.82,-42.47,-41.79
STS22.v2,soft_zca,63.75,23.19,-40.56,63.99,34.2,-29.79,-35.17
STS22.v2,abtt_1,56.63,19.3,-37.33,59.18,24.43,-34.75,-36.04
STS22.v2,abtt_2,57.31,20.02,-37.29,60.9,26.95,-33.95,-35.62
STS22.v2,abtt_3,57.67,19.53,-38.15,61.2,28.99,-32.21,-35.18
STS22.v2,rand,58.79,12.08,-46.71,60.2,16.28,-43.93,-45.32
STS22.v2,mc,38.69,11.87,-26.82,44.79,11.91,-32.89,-29.85
