method,google/gemma-3-1b-pt (mean_pooling),google/gemma-3-1b-pt (last_token_pooling),gemma_delta,Qwen/Qwen3.5-0.8B-Base (mean_pooling),Qwen/Qwen3.5-0.8B-Base (last_token_pooling),qwen_delta,mean_delta
baseline,47.9,34.6,-13.3,49.84,33.68,-16.15,-14.73
standardization,53.56,39.87,-13.69,53.02,38.07,-14.94,-14.32
r1,50.49,37.95,-12.54,51.66,35.97,-15.7,-14.12
r2,50.56,38.48,-12.08,51.81,36.25,-15.56,-13.82
soft_zca,61.39,49.04,-12.35,61.51,50.34,-11.18,-11.77
abtt_1,53.3,41.27,-12.03,54.79,40.34,-14.45,-13.24
abtt_2,54.9,42.68,-12.21,56.96,42.97,-13.98,-13.1
abtt_3,55.29,43.1,-12.2,57.51,44.29,-13.22,-12.71
rand,47.89,34.59,-13.3,49.83,33.69,-16.14,-14.72
mc,41.56,32.54,-9.02,44.26,29.31,-14.94,-11.98
