dataset,method,google/embeddinggemma-300m,Qwen/Qwen3-Embedding-0.6B,google/gemma-3-1b-pt (mean_pooling),google/gemma-3-1b-pt (last_token_pooling),Qwen/Qwen3.5-0.8B-Base (mean_pooling),Qwen/Qwen3.5-0.8B-Base (last_token_pooling),mean_dedicated,mean_base_mean,mean_base_last
FiQA2018,baseline,0.7959,0.8154,0.2443,0.1169,0.1717,0.0206,0.8056,0.208,0.0688
FiQA2018,standardization,0.7921,0.8018,0.257,0.1172,0.1611,0.026,0.797,0.2091,0.0716
FiQA2018,r1,0.7917,0.8071,0.2208,0.1148,0.1775,0.0198,0.7994,0.1991,0.0673
FiQA2018,r2,0.7981,0.8104,0.2352,0.1115,0.1746,0.0236,0.8042,0.2049,0.0675
FiQA2018,soft_zca,0.7137,0.74,0.3663,0.1898,0.2692,0.0644,0.7268,0.3177,0.1271
FiQA2018,abtt_1,0.7966,0.8077,0.2399,0.1232,0.1608,0.0265,0.8021,0.2003,0.0749
FiQA2018,abtt_2,0.7923,0.7985,0.2393,0.1451,0.1774,0.047,0.7954,0.2084,0.096
FiQA2018,abtt_3,0.7881,0.7953,0.2725,0.1377,0.1822,0.039,0.7917,0.2274,0.0883
FiQA2018,rand,0.7959,0.8154,0.2438,0.1177,0.1717,0.0206,0.8056,0.2077,0.0692
FiQA2018,mc,0.7809,0.8028,0.1026,0.0965,0.0943,0.02,0.7919,0.0984,0.0582
ArguAna,baseline,0.9936,0.9957,0.9125,0.389,0.9403,0.3549,0.9947,0.9264,0.372
ArguAna,standardization,0.9943,0.9943,0.963,0.4253,0.9403,0.3734,0.9943,0.9516,0.3994
ArguAna,r1,0.9943,0.9943,0.9317,0.394,0.9289,0.3634,0.9943,0.9303,0.3787
ArguAna,r2,0.9936,0.9936,0.9324,0.3947,0.9303,0.3649,0.9936,0.9314,0.3798
ArguAna,soft_zca,0.9723,0.978,0.978,0.6394,0.9723,0.5839,0.9751,0.9751,0.6117
ArguAna,abtt_1,0.9936,0.9936,0.9516,0.4509,0.9374,0.3947,0.9936,0.9445,0.4228
ArguAna,abtt_2,0.9936,0.9929,0.9516,0.5028,0.936,0.4353,0.9932,0.9438,0.4691
ArguAna,abtt_3,0.9915,0.995,0.9559,0.5533,0.9502,0.5071,0.9932,0.9531,0.5302
ArguAna,rand,0.9936,0.9957,0.9118,0.3883,0.9403,0.3535,0.9947,0.926,0.3709
ArguAna,mc,0.9943,0.9929,0.9118,0.3798,0.8777,0.345,0.9936,0.8947,0.3624
SCIDOCS,baseline,0.423,0.5292,0.1108,0.0366,0.1165,0.027,0.4761,0.1136,0.0318
SCIDOCS,standardization,0.4331,0.519,0.1726,0.0329,0.0855,0.0243,0.4761,0.1291,0.0286
SCIDOCS,r1,0.4424,0.5217,0.0899,0.0293,0.0957,0.0243,0.4821,0.0928,0.0268
SCIDOCS,r2,0.4396,0.5193,0.1002,0.0311,0.1006,0.0247,0.4794,0.1004,0.0279
SCIDOCS,soft_zca,0.3566,0.4519,0.2338,0.0914,0.2172,0.0744,0.4043,0.2255,0.0829
SCIDOCS,abtt_1,0.4394,0.5171,0.088,0.0331,0.0865,0.0271,0.4782,0.0872,0.0301
SCIDOCS,abtt_2,0.4412,0.519,0.0838,0.039,0.0785,0.0339,0.4801,0.0812,0.0365
SCIDOCS,abtt_3,0.4374,0.5152,0.0895,0.0499,0.0715,0.0478,0.4763,0.0805,0.0489
SCIDOCS,rand,0.4216,0.5292,0.1104,0.0366,0.1165,0.027,0.4754,0.1134,0.0318
SCIDOCS,mc,0.4439,0.5124,0.0474,0.0278,0.0622,0.0247,0.4782,0.0548,0.0263
Macro-Average,baseline,0.7375,0.7801,0.4225,0.1809,0.4095,0.1342,0.7588,0.416,0.1575
Macro-Average,standardization,0.7398,0.7717,0.4642,0.1918,0.3956,0.1412,0.7558,0.4299,0.1665
Macro-Average,r1,0.7428,0.7744,0.4141,0.1794,0.4007,0.1359,0.7586,0.4074,0.1576
Macro-Average,r2,0.7438,0.7744,0.4226,0.1791,0.4018,0.1377,0.7591,0.4122,0.1584
Macro-Average,soft_zca,0.6809,0.7233,0.526,0.3069,0.4862,0.2409,0.7021,0.5061,0.2739
Macro-Average,abtt_1,0.7432,0.7728,0.4265,0.2024,0.3949,0.1494,0.758,0.4107,0.1759
Macro-Average,abtt_2,0.7424,0.7701,0.4249,0.229,0.3973,0.1721,0.7563,0.4111,0.2005
Macro-Average,abtt_3,0.739,0.7685,0.4393,0.247,0.4013,0.198,0.7537,0.4203,0.2225
Macro-Average,rand,0.737,0.7801,0.422,0.1809,0.4095,0.1337,0.7586,0.4157,0.1573
Macro-Average,mc,0.7397,0.7694,0.3539,0.168,0.3447,0.1299,0.7545,0.3493,0.149
